word_segment,instances,prominence
ར་,110,3.280644199224575
འི་,98,2.9227557411273484
དང་,90,2.6841634357291975
ལ་,49,1.4613778705636742
དུ་,43,1.2824336415150612
ས་,41,1.2227855651655235
དེ་,36,1.073665374291679
མ་,35,1.0438413361169103
ནི་,34,1.0140172979421413
རྟོག་པ་,33,0.9841932597673724
མི་,33,0.9841932597673724
ནི,33,0.9841932597673724
རྣམ་རྟོག་,32,0.9543692215926037
ལ,31,0.9245451834178348
ས,31,0.9245451834178348
སེམས་,31,0.9245451834178348
ཡིན,29,0.864897107068297
སུ་,28,0.8350730688935281
སྟེ,28,0.8350730688935281
ཀྱི་,24,0.7157769161944527
ན,20,0.5964807634953773
ཀྱང་,19,0.5666567253206084
བྱ,19,0.5666567253206084
མཚན་ཉིད་,18,0.5368326871458395
དུས་,18,0.5368326871458395
ན་,18,0.5368326871458395
བླ་མ་,17,0.5070086489710707
ཉིད་,17,0.5070086489710707
ཏེ,16,0.47718461079630187
ཡི་,15,0.44736057262153295
ཆོས་,15,0.44736057262153295
བཞིན,15,0.44736057262153295
གྱུར་,15,0.44736057262153295
བྱུང་,15,0.44736057262153295
མེད་,15,0.44736057262153295
གཅིག་,14,0.41753653444676403
དུ,14,0.41753653444676403
གཉིས་,14,0.41753653444676403
ནས,14,0.41753653444676403
གདམས་ངག་,13,0.3877124962719952
གསུང་,13,0.3877124962719952
མེད་པ,13,0.3877124962719952
ཡང་,13,0.3877124962719952
ཤེས་རབ་,13,0.3877124962719952
གི་,13,0.3877124962719952
མེད,13,0.3877124962719952
རང་,13,0.3877124962719952
ཙམ་,13,0.3877124962719952
ཆོས་སྐུ་,12,0.35788845809722636
ཉམས་,12,0.35788845809722636
འོ,12,0.35788845809722636
གསུངས,12,0.35788845809722636
ལུས་,12,0.35788845809722636
ཡིན་,12,0.35788845809722636
ངང་,12,0.35788845809722636
སྐྱེས་,11,0.3280644199224575
དོན་,11,0.3280644199224575
ནས་,11,0.3280644199224575
དང་པོ་,11,0.3280644199224575
གོ་ཆ་,11,0.3280644199224575
འགྱུར,11,0.3280644199224575
ཀྱིས་,11,0.3280644199224575
གསལ་,11,0.3280644199224575
རྣམས་,10,0.29824038174768863
དེ,10,0.29824038174768863
བཞི་,10,0.29824038174768863
འབྱུང་,10,0.29824038174768863
ཤེས་,10,0.29824038174768863
སྙམ་,10,0.29824038174768863
འབྲས་བུ་,10,0.29824038174768863
སྒོམ་,9,0.26841634357291977
ཐམས་ཅད་,9,0.26841634357291977
ཀུན,9,0.26841634357291977
ལམ་,9,0.26841634357291977
ཡི,9,0.26841634357291977
ཡིན་པ,9,0.26841634357291977
སེམས་ཉིད་,9,0.26841634357291977
གཟུང་,9,0.26841634357291977
མེད་པ་,9,0.26841634357291977
སྦྱོར་,8,0.23859230539815093
འདི་,8,0.23859230539815093
སྣ་ཚོགས་,8,0.23859230539815093
སྣང་བ་,8,0.23859230539815093
འདི,8,0.23859230539815093
རྐྱེན་,8,0.23859230539815093
སྐྱེ་,8,0.23859230539815093
ཕྱིར,7,0.20876826722338201
རྟོག་,7,0.20876826722338201
ལྷན་ཅིག་,7,0.20876826722338201
རྣམ་པ་,7,0.20876826722338201
རྒྱུ་,7,0.20876826722338201
ཤེས་པ,7,0.20876826722338201
གང་ཟག་,7,0.20876826722338201
ཚིག་,7,0.20876826722338201
སུ,7,0.20876826722338201
བསྟན,7,0.20876826722338201
སྤང་,7,0.20876826722338201
བཤེས་གཉེན་,7,0.20876826722338201
ཝལ་གྱིས་,7,0.20876826722338201
ལྟ་བ,7,0.20876826722338201
ངོས་,7,0.20876826722338201
ལན་,7,0.20876826722338201
ཡེངས་,7,0.20876826722338201
འི,6,0.17894422904861318
རྣམ་པ,6,0.17894422904861318
ཤེས་པ་,6,0.17894422904861318
ཕན་ཡོན་,6,0.17894422904861318
གསུམ་,6,0.17894422904861318
གྱི་,6,0.17894422904861318
གིས,6,0.17894422904861318
ཆོས་སྐུ,6,0.17894422904861318
ཡེ་ཤེས་,6,0.17894422904861318
གསུམ་པ་,6,0.17894422904861318
བླ་མ,6,0.17894422904861318
གཉིས་པ་,6,0.17894422904861318
ཚོ་,6,0.17894422904861318
ལྔ་,6,0.17894422904861318
ཏུ་,6,0.17894422904861318
གྱིས་,6,0.17894422904861318
སྐྱེ་བ,6,0.17894422904861318
རྟོགས་པ་,6,0.17894422904861318
བསམ་པ,6,0.17894422904861318
མཆོག,6,0.17894422904861318
ཕྲད་,6,0.17894422904861318
ཞེས་,5,0.14912019087384432
བྱ་བ་,5,0.14912019087384432
ཕྱག་,5,0.14912019087384432
ཇི་བཞིན་,5,0.14912019087384432
ནང་,5,0.14912019087384432
མཐའ་,5,0.14912019087384432
གསུམ,5,0.14912019087384432
སློབ་མ་,5,0.14912019087384432
གིས་,5,0.14912019087384432
བླང་,5,0.14912019087384432
སྤང་བྱ་,5,0.14912019087384432
ཞེན་པ་,5,0.14912019087384432
དག་,5,0.14912019087384432
འཁོར་བ,5,0.14912019087384432
སྒོམ་པ་,5,0.14912019087384432
ལྟ་བ་,5,0.14912019087384432
སངས་རྒྱས་,5,0.14912019087384432
དེ་ལྟར་,5,0.14912019087384432
བྱས་,5,0.14912019087384432
དེ་ཉིད་,5,0.14912019087384432
ཤེས,5,0.14912019087384432
སྐུ་དྲིན་,5,0.14912019087384432
བྲལ་བ་,5,0.14912019087384432
ཉིིད་,5,0.14912019087384432
གང་,5,0.14912019087384432
ཆུ་,5,0.14912019087384432
རོ་,5,0.14912019087384432
གནས་,5,0.14912019087384432
གནས་པ་,5,0.14912019087384432
རྟོགས་པ,5,0.14912019087384432
རྒྱུན་,5,0.14912019087384432
བྲལ,5,0.14912019087384432
བཞག,5,0.14912019087384432
བདེ་,5,0.14912019087384432
མེ་,5,0.14912019087384432
རང་བཞིན་,4,0.11929615269907547
ལྟ་བུ,4,0.11929615269907547
བསྒོམ་,4,0.11929615269907547
བདག་,4,0.11929615269907547
ཉོན་མོངས་,4,0.11929615269907547
དྲུག་,4,0.11929615269907547
བཞི,4,0.11929615269907547
ཐག་པ,4,0.11929615269907547
རེ་དོགས་,4,0.11929615269907547
རྒྱུ་དུས་,4,0.11929615269907547
ཟས་,4,0.11929615269907547
བུ་,4,0.11929615269907547
འགའ་ཞིག་,4,0.11929615269907547
ཅན་,4,0.11929615269907547
ལོགས་,4,0.11929615269907547
ཐོབ་,4,0.11929615269907547
སྤྱོད་པ་,4,0.11929615269907547
དགོས་པ,4,0.11929615269907547
བཀའ་,4,0.11929615269907547
བསྒྱུར་,4,0.11929615269907547
གྲོགས་,4,0.11929615269907547
ཉམས་མྱོང་,4,0.11929615269907547
ནུས་པ,4,0.11929615269907547
ར,4,0.11929615269907547
སྐྱེ་བ་,4,0.11929615269907547
སོགས,4,0.11929615269907547
ཀུན་,4,0.11929615269907547
ཤར་,4,0.11929615269907547
འདི་ལྟར་,4,0.11929615269907547
ཚེ་,4,0.11929615269907547
ཅི་,4,0.11929615269907547
སེམས་ཅན་,4,0.11929615269907547
ཆེ་,4,0.11929615269907547
བྱེད་པ་,4,0.11929615269907547
རྣམས,4,0.11929615269907547
ཆེ་བ,4,0.11929615269907547
བལྟ,4,0.11929615269907547
ལ་མ་,4,0.11929615269907547
ནམ་མཁའ་,4,0.11929615269907547
ཡོད་,4,0.11929615269907547
མཐོང་,4,0.11929615269907547
ཡང་ན་,4,0.11929615269907547
བཞག་,4,0.11929615269907547
ལྟར་,4,0.11929615269907547
ཆད་,4,0.11929615269907547
འགྱུར་,4,0.11929615269907547
ཐུན་,3,0.08947211452430659
བྱིན་རླབས་,3,0.08947211452430659
འདི་སྐད་,3,0.08947211452430659
ཀྱིས,3,0.08947211452430659
རུ,3,0.08947211452430659
འདས་པ,3,0.08947211452430659
བཟང་,3,0.08947211452430659
ངན་,3,0.08947211452430659
ཡིད་,3,0.08947211452430659
བྱེད་,3,0.08947211452430659
ཆེ,3,0.08947211452430659
སྐྱེས་པ་,3,0.08947211452430659
བཤད,3,0.08947211452430659
རྗེ་བཙུན་,3,0.08947211452430659
སྟོང་པ་,3,0.08947211452430659
ཡིས,3,0.08947211452430659
དངོས་པོ་,3,0.08947211452430659
ཟེར,3,0.08947211452430659
ཐོས་པ,3,0.08947211452430659
ཡོན་ཏན་,3,0.08947211452430659
འབའ་ཞིག་,3,0.08947211452430659
ཐོས་པ་,3,0.08947211452430659
བཤེས་,3,0.08947211452430659
ཟིན་པ་,3,0.08947211452430659
འདོད,3,0.08947211452430659
དམ་པ་,3,0.08947211452430659
དོགས་པ་,3,0.08947211452430659
རེ་,3,0.08947211452430659
ནིི་,3,0.08947211452430659
རུ་,3,0.08947211452430659
པའིི་,3,0.08947211452430659
འཁྲུལ་,3,0.08947211452430659
སྒྱུ་མ་,3,0.08947211452430659
གོ,3,0.08947211452430659
ཚད་ལྡན་,3,0.08947211452430659
ངོ་,3,0.08947211452430659
མཉམ་པ་ཉིད་,3,0.08947211452430659
བཞི་པ་,3,0.08947211452430659
འདེབས་,3,0.08947211452430659
རབ་,3,0.08947211452430659
གོ་,3,0.08947211452430659
མཚན་,3,0.08947211452430659
མི་དགེ་,3,0.08947211452430659
སྐུ་,3,0.08947211452430659
གཉིས,3,0.08947211452430659
ཐ་དད་,3,0.08947211452430659
བྲལ་,3,0.08947211452430659
ཅིར་,3,0.08947211452430659
འཁོར་འདས་,3,0.08947211452430659
སྐྱེས,3,0.08947211452430659
ངོ་བོ་,3,0.08947211452430659
དོ,3,0.08947211452430659
སྐུ,3,0.08947211452430659
འགག་པ་,3,0.08947211452430659
སྐུ་བཞི་,3,0.08947211452430659
བསམ་པ་,3,0.08947211452430659
ལུགས་,3,0.08947211452430659
མཆོག་,3,0.08947211452430659
ཁོ་རང་,3,0.08947211452430659
འགག,3,0.08947211452430659
ཞིང་,3,0.08947211452430659
ལྟར,3,0.08947211452430659
བཅོ,3,0.08947211452430659
ཐབས་,3,0.08947211452430659
དེ་བ,3,0.08947211452430659
བཞིན་,3,0.08947211452430659
སྤྲིན་,3,0.08947211452430659
སྤོང་བ,3,0.08947211452430659
འབྲས་བུ,3,0.08947211452430659
ཚུལ་,3,0.08947211452430659
སྤྲོས་བྲལ་,3,0.08947211452430659
བྱེད,3,0.08947211452430659
ཆེན་,3,0.08947211452430659
ཐོག་,3,0.08947211452430659
ལྷན་,2,0.05964807634953773
སོ,2,0.05964807634953773
འཚལ་,2,0.05964807634953773
ལས་མ་,2,0.05964807634953773
མཛད་,2,0.05964807634953773
སྤྲུལ་སྐུ་,2,0.05964807634953773
འཚལ,2,0.05964807634953773
མཁའ་འགྲོ་,2,0.05964807634953773
ཏ,2,0.05964807634953773
ཡིི་,2,0.05964807634953773
གྱུར་པ,2,0.05964807634953773
མཚན་ལྡན་,2,0.05964807634953773
ལྟ་,2,0.05964807634953773
ཞལ་,2,0.05964807634953773
ལ་སོགས་པ,2,0.05964807634953773
བྲལ་བ,2,0.05964807634953773
སྨྲ་,2,0.05964807634953773
ཕ་རོལ་,2,0.05964807634953773
ཕྱིན་པ,2,0.05964807634953773
འཁོར་,2,0.05964807634953773
རྫོགས་པ,2,0.05964807634953773
སྡུག་བསྔལ་,2,0.05964807634953773
བདུད་,2,0.05964807634953773
ལ་སོགས་པ་,2,0.05964807634953773
བར་ཆད་,2,0.05964807634953773
བགོ་,2,0.05964807634953773
སློབ་མ,2,0.05964807634953773
བདག་པོ,2,0.05964807634953773
དམིགས་པ,2,0.05964807634953773
འཁྲུལ་པ་,2,0.05964807634953773
རྨི་ལམ་,2,0.05964807634953773
ནོར་,2,0.05964807634953773
ལོངས་སྤྱོད་,2,0.05964807634953773
ཆུང་མ་,2,0.05964807634953773
བདེན་པ,2,0.05964807634953773
འདོད་པ,2,0.05964807634953773
ཆགས་སྡང་,2,0.05964807634953773
ཁམས་,2,0.05964807634953773
འཁྱམས་པ,2,0.05964807634953773
ཐ་སྙད་,2,0.05964807634953773
མང་,2,0.05964807634953773
སྒྲ་,2,0.05964807634953773
ཉོན་,2,0.05964807634953773
མོོངས་,2,0.05964807634953773
བརྒྱད་,2,0.05964807634953773
སྤངས་,2,0.05964807634953773
གལ་ཏེ་,2,0.05964807634953773
ལྷུང་,2,0.05964807634953773
དོོགས་,2,0.05964807634953773
ལྟུང་བ,2,0.05964807634953773
ཡིད་གཉིས་,2,0.05964807634953773
བསྟེན་,2,0.05964807634953773
ནང་གསེས་,2,0.05964807634953773
དགེ་བ,2,0.05964807634953773
ཕྱིན་,2,0.05964807634953773
དམ་པ,2,0.05964807634953773
སྐྱེས་བུ་,2,0.05964807634953773
ཐིམ་,2,0.05964807634953773
ལྡན་པ,2,0.05964807634953773
བཟང་པོ་,2,0.05964807634953773
རིག་པ་,2,0.05964807634953773
འགལ་,2,0.05964807634953773
ནུས,2,0.05964807634953773
འབྱེད་,2,0.05964807634953773
མ,2,0.05964807634953773
ལ་སོགས,2,0.05964807634953773
ཅུང་ཟད་,2,0.05964807634953773
ངེེས་,2,0.05964807634953773
བྱེད་པ,2,0.05964807634953773
གྱིས,2,0.05964807634953773
ཡུན་,2,0.05964807634953773
གིིས་,2,0.05964807634953773
དབྱེ,2,0.05964807634953773
རྟོགས་,2,0.05964807634953773
ཐེ་ཚོམ་,2,0.05964807634953773
ཚུད་པ་,2,0.05964807634953773
སྣང་,2,0.05964807634953773
ཡི་དམ་,2,0.05964807634953773
རིག་པ,2,0.05964807634953773
གཟུང་འཛིན་,2,0.05964807634953773
བདེ་ཆེན་,2,0.05964807634953773
རྟོགས,2,0.05964807634953773
ཕྱིི་,2,0.05964807634953773
ཆོད་པ་,2,0.05964807634953773
སྤྱི་དོན་,2,0.05964807634953773
སྟེང་,2,0.05964807634953773
ལ་སོགས་,2,0.05964807634953773
མིག་,2,0.05964807634953773
དེ་ནས་,2,0.05964807634953773
བསྒོམ་པ,2,0.05964807634953773
རྒྱ་,2,0.05964807634953773
ཟབ་པ་,2,0.05964807634953773
ཁྱད་པར་,2,0.05964807634953773
ལོངས་སྐུ་,2,0.05964807634953773
ཀུན་རྫོབ་,2,0.05964807634953773
ཙམ,2,0.05964807634953773
བློ་,2,0.05964807634953773
ཡུལ་,2,0.05964807634953773
གཅིིག་,2,0.05964807634953773
དགེ་བ་,2,0.05964807634953773
མཆིས་,2,0.05964807634953773
ཕྱི་,2,0.05964807634953773
ཐུན་མོང་,2,0.05964807634953773
གསུམ་པོ་,2,0.05964807634953773
གཞན་དག་,2,0.05964807634953773
མྱོང་,2,0.05964807634953773
སྤྱི་གཙུག་,2,0.05964807634953773
རྐང་མཐིལ་,2,0.05964807634953773
མཐོང་བ,2,0.05964807634953773
འགག་,2,0.05964807634953773
ཡོད་པ་,2,0.05964807634953773
དབྱིབས་,2,0.05964807634953773
ཅེས་,2,0.05964807634953773
རླུང་,2,0.05964807634953773
འདས,2,0.05964807634953773
ངོ་མཚར་,2,0.05964807634953773
གནས,2,0.05964807634953773
ཤེེས་,2,0.05964807634953773
ཁྱེར,2,0.05964807634953773
འགྱུར་བ,2,0.05964807634953773
ཆེན་པོ,2,0.05964807634953773
རྒྱུད་,2,0.05964807634953773
ཡིས་,2,0.05964807634953773
སྲེད་པ་,2,0.05964807634953773
ཁྱེར་,2,0.05964807634953773
འདྲིས་,2,0.05964807634953773
རྡོ་ཚན་,2,0.05964807634953773
ནགས་མེ,2,0.05964807634953773
ཁ་བ་,2,0.05964807634953773
འབད་,2,0.05964807634953773
ཤིང་,2,0.05964807634953773
སྲེག་པ,2,0.05964807634953773
དགག་སྒྲུབ་,2,0.05964807634953773
ཞེས་པ་,2,0.05964807634953773
སྤྱོད་ལམ་,2,0.05964807634953773
འཆར,2,0.05964807634953773
འཆར་,2,0.05964807634953773
གནས་སྐབས་,2,0.05964807634953773
ཤེས་བྱ,2,0.05964807634953773
བསྒོམ,2,0.05964807634953773
གཞི་,2,0.05964807634953773
ཐོག་མ་,2,0.05964807634953773
སྤྱོད་པ,2,0.05964807634953773
༄༅,1,0.029824038174768867
དང་པོ,1,0.029824038174768867
༄,1,0.029824038174768867
བཞུགས་,1,0.029824038174768867
རིན་པོ་ཆེ་,1,0.029824038174768867
ལོ,1,0.029824038174768867
དབྱིངས་,1,0.029824038174768867
གཡོས་,1,0.029824038174768867
ཐུགས་རྗེ,1,0.029824038174768867
འགྲོ་བ,1,0.029824038174768867
འཇའ་ཚོན་,1,0.029824038174768867
བྱོན,1,0.029824038174768867
ཨུ་རྒྱན་,1,0.029824038174768867
ཕག་མོ་,1,0.029824038174768867
ཕག་མོ,1,0.029824038174768867
དོངས་,1,0.029824038174768867
བྱིན་,1,0.029824038174768867
བརླབས་པ,1,0.029824038174768867
དངོས་གྲུབ་,1,0.029824038174768867
ཐོབ,1,0.029824038174768867
དབང་,1,0.029824038174768867
སྡུད་,1,0.029824038174768867
མཛད་པ,1,0.029824038174768867
ལྭ་བ་པ་,1,0.029824038174768867
བསྟོད,1,0.029824038174768867
རཀྵི་,1,0.029824038174768867
དེེ་,1,0.029824038174768867
བརྒྱུད་འཛིན་,1,0.029824038174768867
ལྷོ་བྲག་པ,1,0.029824038174768867
གུང་,1,0.029824038174768867
ཐང་པ,1,0.029824038174768867
མི་ལ,1,0.029824038174768867
ཐུགས་,1,0.029824038174768867
སྲས་,1,0.029824038174768867
རྗེ་,1,0.029824038174768867
རིན་པོ་ཆེ,1,0.029824038174768867
བརྒྱུད་པ,1,0.029824038174768867
བདག་ཉིད་,1,0.029824038174768867
བརྗེད་པ,1,0.029824038174768867
འཇིགས་པ་,1,0.029824038174768867
སྐལ་ལྡན་,1,0.029824038174768867
འགའ་,1,0.029824038174768867
ཕན་,1,0.029824038174768867
གདགས་,1,0.029824038174768867
རྗེའི་,1,0.029824038174768867
གསུང་སྒྲོས་,1,0.029824038174768867
བྲི་བ,1,0.029824038174768867
དེ་ཡང་,1,0.029824038174768867
རྗེེའི་,1,0.029824038174768867
མཁས་,1,0.029824038174768867
བཙུན་,1,0.029824038174768867
སྟོན་,1,0.029824038174768867
འདི་ཉིད་,1,0.029824038174768867
ཟབ་བོ་,1,0.029824038174768867
ཉོན་མོངས་པ,1,0.029824038174768867
འདུལ་བ,1,0.029824038174768867
འདུལ་བ་,1,0.029824038174768867
ངེས་པ,1,0.029824038174768867
བསྐྱེད་པ,1,0.029824038174768867
སྒྲོ་འདོགས་,1,0.029824038174768867
གཅོད་པ,1,0.029824038174768867
ཚད་མ,1,0.029824038174768867
རྟག་ཆད་,1,0.029824038174768867
སྒྲོ་སྐུར་,1,0.029824038174768867
དབུ་མ་,1,0.029824038174768867
བསམ་བརྗོད་,1,0.029824038174768867
མྱ་ངན་,1,0.029824038174768867
ཆོས,1,0.029824038174768867
རྫོགས་ཆེན་,1,0.029824038174768867
ཕྱག་རྒྱ་,1,0.029824038174768867
ཞི་བ,1,0.029824038174768867
ཞི་བྱེད་,1,0.029824038174768867
སློངས་པ,1,0.029824038174768867
གསང་སྔགས་,1,0.029824038174768867
གདམས་པ,1,0.029824038174768867
སྦྱོར་བ,1,0.029824038174768867
འདྲེ་,1,0.029824038174768867
སྔགས་,1,0.029824038174768867
སོ་,1,0.029824038174768867
བསྡུས་པ,1,0.029824038174768867
འབྲས་་བུ་,1,0.029824038174768867
པོོ་,1,0.029824038174768867
སྤྲང་,1,0.029824038174768867
བྱ་,1,0.029824038174768867
ལོག་,1,0.029824038174768867
བཤེསཟིན,1,0.029824038174768867
ལྷུང་བ,1,0.029824038174768867
སྣང་སྲིད་,1,0.029824038174768867
སྣངབ་,1,0.029824038174768867
བུ་མོ་,1,0.029824038174768867
འདོད་ཡོན་,1,0.029824038174768867
ཆགས་པ་,1,0.029824038174768867
རྟག་པ,1,0.029824038174768867
བཟུང་བ་,1,0.029824038174768867
ཕྱི་མ,1,0.029824038174768867
དྲན་,1,0.029824038174768867
དུག་,1,0.029824038174768867
མྱོས་པ,1,0.029824038174768867
དམ་,1,0.029824038174768867
བཅིངས་,1,0.029824038174768867
རྟེན་,1,0.029824038174768867
སློབ་དཔོན་,1,0.029824038174768867
ཞིག་,1,0.029824038174768867
ལོ་,1,0.029824038174768867
ཟླ་བ,1,0.029824038174768867
བསྟེནབྱས་,1,0.029824038174768867
སུན་,1,0.029824038174768867
འབྱིན་,1,0.029824038174768867
གོལ་ས་,1,0.029824038174768867
བརྗོད,1,0.029824038174768867
་མཚན་བཅས་,1,0.029824038174768867
བསྟན་པ་,1,0.029824038174768867
རྐྱང་པ,1,0.029824038174768867
སོང་,1,0.029824038174768867
མགོ་བོ་,1,0.029824038174768867
ནོན་,1,0.029824038174768867
དོན་གཉེར་,1,0.029824038174768867
འཁོོར་,1,0.029824038174768867
བར་,1,0.029824038174768867
ཡུན་རིང་,1,0.029824038174768867
ལོག་པ,1,0.029824038174768867
གཉིས་པ,1,0.029824038174768867
དམིིགས་པ,1,0.029824038174768867
སྐྱེེས་,1,0.029824038174768867
བླངས་པ,1,0.029824038174768867
ཏུ་རེ་བ་,1,0.029824038174768867
དམྱལ་བ,1,0.029824038174768867
བཞི་པ,1,0.029824038174768867
ན་མ་,1,0.029824038174768867
ཞེན་,1,0.029824038174768867
པོོའི་,1,0.029824038174768867
དམིགས་,1,0.029824038174768867
དུ་མ་,1,0.029824038174768867
གཉིིས་,1,0.029824038174768867
རྫས་,1,0.029824038174768867
མོོ་,1,0.029824038174768867
མདོར་ན་,1,0.029824038174768867
སྣང་གྲགས་,1,0.029824038174768867
གོ་བ་,1,0.029824038174768867
དངོས་པོ,1,0.029824038174768867
བདེན་,1,0.029824038174768867
དང་ཞེན་,1,0.029824038174768867
འཛིན་,1,0.029824038174768867
དད་གུས་,1,0.029824038174768867
ཚོལ,1,0.029824038174768867
ཞེས་པ,1,0.029824038174768867
དད་,1,0.029824038174768867
དུས་ལྡན་པ,1,0.029824038174768867
རྩ,1,0.029824038174768867
མཚན་མེད་,1,0.029824038174768867
དགེེ་བ,1,0.029824038174768867
ལེགས་,1,0.029824038174768867
གོ་བ,1,0.029824038174768867
ཁྱེར་བ་,1,0.029824038174768867
ཆོོས་,1,0.029824038174768867
སྐུར་,1,0.029824038174768867
རེ་བ་,1,0.029824038174768867
འཁོར་བ་,1,0.029824038174768867
བྱའིི་,1,0.029824038174768867
ནུས་,1,0.029824038174768867
འཁྲུལ་ཤེས་,1,0.029824038174768867
སྒྱུར་བྱེད་,1,0.029824038174768867
ཅིང་,1,0.029824038174768867
སློོབ་,1,0.029824038174768867
གསོ་,1,0.029824038174768867
གསོལ་བ་,1,0.029824038174768867
མཚམས་མེད་,1,0.029824038174768867
བཅུ,1,0.029824038174768867
སྡོམ་,1,0.029824038174768867
དམ་ཚིག་,1,0.029824038174768867
རིགས་རྒྱུད་,1,0.029824038174768867
འཚམས་པ,1,0.029824038174768867
འགལ་བ་,1,0.029824038174768867
འབྱུང་འགྱུར་,1,0.029824038174768867
བཟོད་,1,0.029824038174768867
སྐད་ཅིག་མ་,1,0.029824038174768867
འབྱེད་པ,1,0.029824038174768867
ངོོ་,1,0.029824038174768867
སྐུ་བཞི,1,0.029824038174768867
བརྟན་པོ་,1,0.029824038174768867
ཡེེ་,1,0.029824038174768867
བསྒྲུབ་,1,0.029824038174768867
ལན་ཚྭ་,1,0.029824038174768867
བཏབ་པ་,1,0.029824038174768867
སྟོོན་པ,1,0.029824038174768867
ཚོོ་,1,0.029824038174768867
ལྡན་,1,0.029824038174768867
གཉིིས་པ་,1,0.029824038174768867
ཅིིག་,1,0.029824038174768867
བསྲིངས་,1,0.029824038174768867
ལགས་,1,0.029824038174768867
བསྟན་བཅོས་,1,0.029824038174768867
མན་ངག་,1,0.029824038174768867
བསྒོམས་པ,1,0.029824038174768867
གྱུརཔས,1,0.029824038174768867
ངེས་,1,0.029824038174768867
བྱན་,1,0.029824038174768867
མཁས་པ་,1,0.029824038174768867
བགྱི,1,0.029824038174768867
སྣང་བ,1,0.029824038174768867
བདེ་སྡུག་,1,0.029824038174768867
དཀར་དམར་,1,0.029824038174768867
བསྡད་,1,0.029824038174768867
གཞལ་ཡས་,1,0.029824038174768867
ཁང་,1,0.029824038174768867
འགྲོགས་,1,0.029824038174768867
ལྷ,1,0.029824038174768867
མཚན་མ,1,0.029824038174768867
སྒྲོ་,1,0.029824038174768867
འདོོགས་,1,0.029824038174768867
བླང་བ,1,0.029824038174768867
ལྟོས་,1,0.029824038174768867
ཐག་,1,0.029824038174768867
བཅད་,1,0.029824038174768867
གྲུབ་ཐོབ་,1,0.029824038174768867
སམ་,1,0.029824038174768867
དབེན་པ,1,0.029824038174768867
འབོལ་,1,0.029824038174768867
ཆུང་,1,0.029824038174768867
བདེ་བ,1,0.029824038174768867
ཏུ,1,0.029824038174768867
སྐྱིལ་ཀྲུང་,1,0.029824038174768867
བདེ,1,0.029824038174768867
བསྲང་,1,0.029824038174768867
ལག་པ་,1,0.029824038174768867
མཉམ་བཞག་,1,0.029824038174768867
མགྲིན་པ་,1,0.029824038174768867
དགུག་པ,1,0.029824038174768867
སྣ་རྩེ,1,0.029824038174768867
ཟིམ་མེ་,1,0.029824038174768867
གཏད,1,0.029824038174768867
འདུག་སྟངས་,1,0.029824038174768867
བྱང་ཆུབ་,1,0.029824038174768867
སེམས་བསྐྱེད་,1,0.029824038174768867
ཀྱི,1,0.029824038174768867
འཐོབ་,1,0.029824038174768867
ཟབ་མོ,1,0.029824038174768867
ལྷ་,1,0.029824038174768867
བསྒོམས་,1,0.029824038174768867
སྤྱིི་,1,0.029824038174768867
བོར་,1,0.029824038174768867
བསྒོམས,1,0.029824038174768867
ཟབ་,1,0.029824038174768867
རྣམ་,1,0.029824038174768867
ཤེེས་པ་,1,0.029824038174768867
མཆན་,1,0.029824038174768867
་ནང་,1,0.029824038174768867
ཅེར་,1,0.029824038174768867
བལྟ་བ,1,0.029824038174768867
བལྟས་པ,1,0.029824038174768867
སྤྲུལ་པ,1,0.029824038174768867
སྐུ་གསུམ་,1,0.029824038174768867
བརྗོད་,1,0.029824038174768867
བརྟག་པ,1,0.029824038174768867
འདས་པ་,1,0.029824038174768867
བོོ་,1,0.029824038174768867
ཟིན་པ,1,0.029824038174768867
ཚད་,1,0.029824038174768867
བཞིི་,1,0.029824038174768867
ཡིན་མོད་,1,0.029824038174768867
མཁན་,1,0.029824038174768867
དཀར་ཕྱོགས་,1,0.029824038174768867
ཆད,1,0.029824038174768867
སྟོོོང་,1,0.029824038174768867
གདེང་,1,0.029824038174768867
དོགས་,1,0.029824038174768867
ནག་ཕྱོགས་,1,0.029824038174768867
བཅུ་པོ་,1,0.029824038174768867
སྟོན,1,0.029824038174768867
གོོ་,1,0.029824038174768867
ཆ་,1,0.029824038174768867
ན་ཚ་,1,0.029824038174768867
དྲན་རྟོག་,1,0.029824038174768867
དཀོན་མཆོག་,1,0.029824038174768867
སྐབས་,1,0.029824038174768867
དབང་པོ་,1,0.029824038174768867
འཇམ་དཔལ་,1,0.029824038174768867
ཐོབ་པ,1,0.029824038174768867
རྩལ་,1,0.029824038174768867
སྦྱངས་,1,0.029824038174768867
འབར་བ,1,0.029824038174768867
སྤྱི་,1,0.029824038174768867
དོོན་,1,0.029824038174768867
བསྒོམས་པ་,1,0.029824038174768867
ཐོས་བསམ་,1,0.029824038174768867
བལྟས་,1,0.029824038174768867
དངོས་,1,0.029824038174768867
པོམེད་པ་,1,0.029824038174768867
ངག་,1,0.029824038174768867
གཞན་,1,0.029824038174768867
བརྗོད་བྱ,1,0.029824038174768867
ཉན་པ་,1,0.029824038174768867
ནོ་,1,0.029824038174768867
གོང་,1,0.029824038174768867
སེམས་པ་,1,0.029824038174768867
རང་སྣང་,1,0.029824038174768867
དེ་དག་,1,0.029824038174768867
ཆོ་འཕྲུལ་,1,0.029824038174768867
འཛིན་བྱེད་པ,1,0.029824038174768867
མངལ་,1,0.029824038174768867
སྒོ་ང་,1,0.029824038174768867
རྫུས་པ་,1,0.029824038174768867
དྲོད་གཤེར་,1,0.029824038174768867
སེམས་མ་,1,0.029824038174768867
ཕྱོགས་མཚམས་,1,0.029824038174768867
སྟེང་འོག་,1,0.029824038174768867
འབྱུང་བ་,1,0.029824038174768867
མིན་,1,0.029824038174768867
ཡན་ཆད་,1,0.029824038174768867
བཙལ་,1,0.029824038174768867
མེེད་པ་,1,0.029824038174768867
སྣམ་,1,0.029824038174768867
འགག་པ,1,0.029824038174768867
རྒྱུ་མ་,1,0.029824038174768867
ཐ་མ་,1,0.029824038174768867
འདུག་,1,0.029824038174768867
ཡན་ལག་,1,0.029824038174768867
ས་རྡུལ་,1,0.029824038174768867
སྐྱེ་འགག་,1,0.029824038174768867
ནོ,1,0.029824038174768867
ཅི་ཡང་,1,0.029824038174768867
དབྱེིབས་,1,0.029824038174768867
དང་ཁ་,1,0.029824038174768867
དོག་,1,0.029824038174768867
གྲུབ་,1,0.029824038174768867
དགོས་,1,0.029824038174768867
ཁ་དོག་,1,0.029824038174768867
གྲུབ་པ་,1,0.029824038174768867
དམར་སེར་,1,0.029824038174768867
དཀ,1,0.029824038174768867
སེེམས་པ,1,0.029824038174768867
བསམས་པ,1,0.029824038174768867
བཏང་བ,1,0.029824038174768867
སྒྲིམ་,1,0.029824038174768867
གློད,1,0.029824038174768867
དྭངས་པ,1,0.029824038174768867
དཀྱིལ་,1,0.029824038174768867
གཞག་པ,1,0.029824038174768867
ཕྱིར་ཡང་,1,0.029824038174768867
སྤྲོ་,1,0.029824038174768867
ནང་མི་,1,0.029824038174768867
བསྡུ,1,0.029824038174768867
ཚོགས་,1,0.029824038174768867
གསལ་སྟོང་པ་,1,0.029824038174768867
མར་,1,0.029824038174768867
ལ་མ,1,0.029824038174768867
བཞག་པ་,1,0.029824038174768867
གཉུག་,1,0.029824038174768867
འདིི་,1,0.029824038174768867
བདེ་སྟོང་,1,0.029824038174768867
མར་མེ་,1,0.029824038174768867
བསྐྱོད་,1,0.029824038174768867
རྦ་རླབས་,1,0.029824038174768867
རྒྱ་མཚོ་,1,0.029824038174768867
ཆུ་བོ་,1,0.029824038174768867
གཡོ་,1,0.029824038174768867
བཅོོས་,1,0.029824038174768867
ངོ་བོ,1,0.029824038174768867
རྣམསཐམས་,1,0.029824038174768867
ཅད་,1,0.029824038174768867
ཡེ་ནས་,1,0.029824038174768867
ཏིལ་,1,0.029824038174768867
སྐད་ཅིག་,1,0.029824038174768867
སྟོོོོང་,1,0.029824038174768867
གལ་,1,0.029824038174768867
ཏེེ་,1,0.029824038174768867
དྲན་པ་,1,0.029824038174768867
ཡེངས་པ་,1,0.029824038174768867
དགེ་,1,0.029824038174768867
ལུང་,1,0.029824038174768867
དགེོས་,1,0.029824038174768867
རུང་,1,0.029824038174768867
ཤིན་ཏུ་,1,0.029824038174768867
དེ་ལྟ་,1,0.029824038174768867
བུར་,1,0.029824038174768867
སྙིགས་མ་,1,0.029824038174768867
དོང་པོ་,1,0.029824038174768867
གྱུར,1,0.029824038174768867
སྟོང་ཉིད་,1,0.029824038174768867
ཉི་ཟེར་,1,0.029824038174768867
ཙན་དན་,1,0.029824038174768867
དྲི་,1,0.029824038174768867
རྟོོག་པ་,1,0.029824038174768867
རླབས་,1,0.029824038174768867
མཉམ་པ,1,0.029824038174768867
བྱ་ན,1,0.029824038174768867
ནམ་མཁ,1,0.029824038174768867
དེངས་པ,1,0.029824038174768867
ངེས,1,0.029824038174768867
རིན་ཆེན་,1,0.029824038174768867
ངེེད་,1,0.029824038174768867
ལམདུ་,1,0.029824038174768867
འདོད་པ་,1,0.029824038174768867
ཆོས་ཉིད་,1,0.029824038174768867
སྤོང་,1,0.029824038174768867
རྣམ་དག་,1,0.029824038174768867
མཁྱེན་པ,1,0.029824038174768867
གཅིག་པ་,1,0.029824038174768867
རྒུ་,1,0.029824038174768867
འདུ་བ,1,0.029824038174768867
ཇི་ལྟར་,1,0.029824038174768867
གྱུརཀྱང་,1,0.029824038174768867
བསྟེན་པ,1,0.029824038174768867
འདག,1,0.029824038174768867
སེལ,1,0.029824038174768867
རྡོ་རྗེ,1,0.029824038174768867
མགུར་,1,0.029824038174768867
སྐྱེས་པ,1,0.029824038174768867
རྣམ་ཤེས་,1,0.029824038174768867
ཡེིན་པ,1,0.029824038174768867
སྙིང་པོ་,1,0.029824038174768867
གཉེན་པོ་,1,0.029824038174768867
དགོས,1,0.029824038174768867
སྨྲྀ་,1,0.029824038174768867
རྨ་བྱ,1,0.029824038174768867
ལྔ་པ་,1,0.029824038174768867
རིམ་པ,1,0.029824038174768867
སྔར་,1,0.029824038174768867
ཁ,1,0.029824038174768867
གསལ་སྟོང་,1,0.029824038174768867
མདོར་བསྡུས་,1,0.029824038174768867
ལྔ,1,0.029824038174768867
དཔེར་ན་,1,0.029824038174768867
གྲོགས་པོ་,1,0.029824038174768867
མཛའ་བོ་,1,0.029824038174768867
ཏུག་,1,0.029824038174768867
དེ་བཞིན་,1,0.029824038174768867
རྣལ་འབྱོར་པ་,1,0.029824038174768867
རང་སེམས་,1,0.029824038174768867
སྟོང་པ,1,0.029824038174768867
འཇོམས་,1,0.029824038174768867
རྡོོ་,1,0.029824038174768867
ཚན་,1,0.029824038174768867
ཐག,1,0.029824038174768867
དེ་དུས་,1,0.029824038174768867
ཆུར་,1,0.029824038174768867
རྗེས་,1,0.029824038174768867
འཇོོམས་,1,0.029824038174768867
ཚིག་པ་,1,0.029824038174768867
དཔེེར་,1,0.029824038174768867
ནགས་,1,0.029824038174768867
ཤོ,1,0.029824038174768867
རྩ་,1,0.029824038174768867
དང་སེམས་,1,0.029824038174768867
ས་ཕྱོགས་,1,0.029824038174768867
གཙང་,1,0.029824038174768867
མི་གཙང་,1,0.029824038174768867
སེར་བ་,1,0.029824038174768867
འཆི་,1,0.029824038174768867
སླར་,1,0.029824038174768867
འབར་,1,0.029824038174768867
བཟང་ངན་,1,0.029824038174768867
འཛིིན་,1,0.029824038174768867
བླང་དོར་,1,0.029824038174768867
མེེད་,1,0.029824038174768867
མང་བ་,1,0.029824038174768867
སྤྲུལ་,1,0.029824038174768867
བརྟན་,1,0.029824038174768867
ཁབ་,1,0.029824038174768867
བཙུགས་,1,0.029824038174768867
བདེ་བ་,1,0.029824038174768867
སྐྱེ,1,0.029824038174768867
ཉིན་མཚན་,1,0.029824038174768867
མཚམས་,1,0.029824038174768867
འགྲོ་འདུག་,1,0.029824038174768867
གང་ཡང་,1,0.029824038174768867
ཁྱད་མེད་,1,0.029824038174768867
བདེེ་,1,0.029824038174768867
བསྲིངས་པ་,1,0.029824038174768867
འཆར་བ,1,0.029824038174768867
བཤད་,1,0.029824038174768867
མཚན་མ་,1,0.029824038174768867
རང་ས,1,0.029824038174768867
གྲོལ་བ་,1,0.029824038174768867
མཚུངས་པ,1,0.029824038174768867
ཏིང་འཛིན་,1,0.029824038174768867
འཚོ་,1,0.029824038174768867
ཚུགས་,1,0.029824038174768867
མངོན་པར་,1,0.029824038174768867
ཞིང་ཁམས་,1,0.029824038174768867
ཤུགས་,1,0.029824038174768867
བཟུང་,1,0.029824038174768867
མེེད་པ,1,0.029824038174768867
རྟོག་པ,1,0.029824038174768867
རྗེས་སུ་,1,0.029824038174768867
འབྲང་,1,0.029824038174768867
སེང་,1,0.029824038174768867
ངེ་,1,0.029824038174768867
ཡེེངས་,1,0.029824038174768867
བརགྱུར་,1,0.029824038174768867
སྐྱོན་,1,0.029824038174768867
བལྟ་,1,0.029824038174768867
ལྷག་པ,1,0.029824038174768867
ཞིག,1,0.029824038174768867
འཚོལ་བ,1,0.029824038174768867
འདོད་,1,0.029824038174768867
ལྷུང་བ་,1,0.029824038174768867
རེ་བ,1,0.029824038174768867
འཆིང་,1,0.029824038174768867
གོལ་བ,1,0.029824038174768867
སྒོོམ་པ་,1,0.029824038174768867
མོ་ལུས་,1,0.029824038174768867
ལུས་གསུམ,1,0.029824038174768867
བོགས་,1,0.029824038174768867
འགྲོ་,1,0.029824038174768867
འཆག་,1,0.029824038174768867
ཉལ་,1,0.029824038174768867
དོོར་,1,0.029824038174768867
ང་,1,0.029824038174768867
སེང་གེ་,1,0.029824038174768867
གཙང་བཙོག་,1,0.029824038174768867
ཁྱི་,1,0.029824038174768867
ཕག་,1,0.029824038174768867
གཟའ་,1,0.029824038174768867
གཏད་མེད་པ་,1,0.029824038174768867
སྨྱོན་པ་,1,0.029824038174768867
དྲི་མ,1,0.029824038174768867
གོས་,1,0.029824038174768867
རོ་ལངས་,1,0.029824038174768867
སྤྱད་པ་,1,0.029824038174768867
རྩེ་གཅིག་,1,0.029824038174768867
སྥོས་,1,0.029824038174768867
མཐ,1,0.029824038174768867
བསམ་བློ་,1,0.029824038174768867
ཡང་དག་,1,0.029824038174768867
སངས་,1,0.029824038174768867
རྒུ,1,0.029824038174768867
རིགས་,1,0.029824038174768867
འོན་ཀྱང་,1,0.029824038174768867
གདུལ་བྱ,1,0.029824038174768867
དཔེ་བྱད་,1,0.029824038174768867
འབར་བ་,1,0.029824038174768867
རང་བྱུང་,1,0.029824038174768867
ཤྰ་,1,0.029824038174768867
ཀ་,1,0.029824038174768867
ཐུབ་,1,0.029824038174768867
གཟུགས་སྐུ་,1,0.029824038174768867
ཆོསསྐུ་,1,0.029824038174768867
མཁའ་,1,0.029824038174768867
འདྲ་,1,0.029824038174768867
འདྲ་བ,1,0.029824038174768867
དེ་ལས་,1,0.029824038174768867
ཆ,1,0.029824038174768867
བུམ་པ་,1,0.029824038174768867
དཔག་བསམ་,1,0.029824038174768867
ཡིད་བཞིན་,1,0.029824038174768867
ནོར་བུ་,1,0.029824038174768867
འགྲོ་བ་,1,0.029824038174768867
ཆོས་སྟོན་པ,1,0.029824038174768867
རྗེེ་,1,0.029824038174768867
གསུངས་,1,0.029824038174768867
སྒྲོས་,1,0.029824038174768867
གོན་པ,1,0.029824038174768867
རང་གཞན་,1,0.029824038174768867
གཉིས་ཀ,1,0.029824038174768867
བརྩམས,1,0.029824038174768867
ཆོས་སྐྱོང་,1,0.029824038174768867
བཟོད་པ,1,0.029824038174768867
གསོལ,1,0.029824038174768867
བྲིས་པ་,1,0.029824038174768867
ཡས་,1,0.029824038174768867
ཤོག,1,0.029824038174768867
ལྡོམ་བུ་བ་,1,0.029824038174768867
རྡོར་,1,0.029824038174768867
རྒྱལ་,1,0.029824038174768867
སྦྱར་བ་,1,0.029824038174768867
རྫོགས་,1,0.029824038174768867
ཤུབྷྃ,1,0.029824038174768867
